shift_id,date,week_id,total_customers,overall_cafe_rating,feedback
1000,2025-09-01,36,160,8.3,"No specific task ratings were recorded today. However, overall team performance seemed steady. Continue ensuring smooth coordination across all roles and maintain focus on consistency during busy hours. Your calm supervision helped the café start the week smoothly. Wendy handled customers politely and maintained good pace during the lunch rush. There’s still some room to enhance attentiveness to guest needs, but her energy and professionalism kept the atmosphere friendly and efficient. Keep building confidence in managing multiple tables at once. Ben delivered excellent coffee quality — customers appreciated the taste and presentation. However, interaction with guests could be warmer. Improving communication and multitasking during peak hours will make service more balanced. Great craftsmanship overall; keep up the consistency! Sam maintained strong quality standards throughout the shift. Sandwich preparation was clean, timely, and well-presented. A solid performance — keep focusing on freshness, portion control, and maintaining speed during rush periods."
1001,2025-09-02,36,175,7.9,"No specific task ratings were recorded for the manager today, but the team operated efficiently under clear guidance. Coordination across coffee, floor, and sandwich stations was smooth throughout the morning rush. The waiter showed friendly energy and managed tables confidently, keeping the flow of service quick and consistent. There were moments of crowding around midday, yet overall delivery stayed upbeat and organized. The barista maintained good drink quality and steady workflow behind the counter. At times, focus shifted under pressure, but recovery was quick, and most orders were handled with care. Continued attention to timing and presentation will strengthen consistency. The sandwich maker kept preparation standards high and responded promptly to incoming orders. Workstations stayed tidy, and ingredients were handled well. Maintaining this level of attention will keep both speed and freshness on point."
1002,2025-09-03,36,165,7.5,"The manager maintained a calm and organized atmosphere despite a few slow moments during peak hours. The waiter showed patience and professionalism with guests, though overall service pace could be slightly sharper. The barista produced good coffee quality but seemed to struggle a bit with multitasking during busy periods, recovering well toward the end of the shift. The sandwich maker delivered excellent quality and freshness, keeping the prep area efficient and well-structured. Overall, the team worked cohesively with steady results and a balanced performance across departments."
1003,2025-09-04,36,170,7.8,"The manager provided steady guidance and kept operations running smoothly during a moderate but steady customer flow. The waiter maintained a friendly approach and showed good timing on service, with only minor delays during the midday rush. The barista ensured drinks were well-prepared and consistent, though focus slipped slightly when the line grew, quickly regaining rhythm by the afternoon. The sandwich maker performed reliably, maintaining freshness and presentation throughout. Overall, the day showed balanced teamwork, efficient coordination, and a pleasant atmosphere for customers."
1004,2025-09-05,36,352,7.2,"The morning began smoothly under clear management direction, but a minor equipment issue with the espresso machine slowed service briefly. The manager responded quickly and coordinated tasks well to keep delays minimal. The waiter handled guest frustration calmly, maintaining composure and positive communication. The barista showed strong coffee craftsmanship but had to adapt under pressure, displaying resilience and teamwork. The sandwich maker kept up impressive quality and speed, helping balance the overall workflow. Despite the setback, the team’s cooperation turned a challenging start into a solid finish to the day."
1005,2025-09-06,36,353,8.1,"Saturday brought a high-energy rush from start to finish, testing coordination and endurance across the team. The managers stayed hands-on and responsive, keeping morale high even when the queue stretched out the door. The waitstaff handled the crowd with upbeat professionalism, though the quick turnover pace occasionally led to small lapses in table resets. The baristas worked intensely under pressure, maintaining solid drink quality and consistency, with just a few moments of delay during peak traffic. The sandwich maker kept production steady and fresh, supporting smooth flow from the kitchen side. Despite the weekend chaos, teamwork and communication shone through, making the day productive and rewarding overall."
1006,2025-09-07,36,323,8.4,"The final shift of the week unfolded at a gentler pace, allowing the team to focus on quality and attention to detail. The managers provided steady oversight, creating a relaxed and organized environment. The waitstaff delivered warm and attentive service, maintaining a pleasant atmosphere for guests enjoying a slower Sunday. The baristas showed renewed focus after a busy week, preparing drinks with care and precision. The sandwich maker maintained outstanding quality, keeping everything fresh and well-presented. The team demonstrated calm coordination and professionalism, closing the week on a confident and positive note."
1007,2025-09-08,37,170,8.0,"The new week began with a steady rhythm and a well-organized opening shift. The manager guided the team with calm confidence, setting clear priorities for the day. The waiter maintained cheerful service and stayed attentive to guests, though a few small delays occurred during lunch turnover. The barista showed excellent technical skill, crafting consistent drinks while adapting quickly to morning demand. The sandwich maker kept up strong quality control and timely preparation, supporting smooth kitchen operations. Overall, a balanced and well-coordinated start to the week with positive energy across the café."
1008,2025-09-09,37,180,7.7,"Tuesday brought a busy and fast-paced environment that tested coordination across the team. The manager stayed composed under pressure, redirecting tasks effectively when small miscommunications occurred during the morning rush. The waiter balanced multiple tables with good energy and patience, recovering quickly from a few minor mix-ups. The barista worked steadily through the queue, maintaining consistent quality and focus even as orders piled up. The sandwich maker ensured smooth kitchen flow and kept ingredients well-prepared despite the hectic pace. Overall, a demanding but productive day that strengthened teamwork and adaptability under pressure."
1009,2025-09-10,37,193,8.2,"Midweek service ran smoothly with strong coordination and an easygoing pace throughout the day. The manager kept the team focused and balanced workloads effectively, helping maintain a calm atmosphere even during brief rushes. The waiter showed steady rhythm and polite engagement with guests, contributing to an overall positive customer experience. The barista produced well-made drinks with consistent quality, showing good recovery from the previous day’s heavy rush. The sandwich maker delivered excellent results, keeping the kitchen organized and efficient. Overall, a well-managed and pleasant Wednesday with great team synergy."
1010,2025-09-11,37,190,7.6,"Thursday kicked off with high spirits and a surprise catering order that threw the morning into overdrive. The manager quickly reorganized priorities and kept the team calm amid the sudden rush. The waiter showed great adaptability, juggling dine-in guests and takeaway prep with steady composure. The barista faced back-to-back drink orders and a few tricky custom requests but handled them with creativity and focus, keeping quality consistent. The sandwich maker worked non-stop to keep production flowing and ingredients replenished under tight timing. Despite the unexpected chaos, the team showed real grit and unity, turning what could have been a stressful morning into a lively and rewarding shift."
1011,2025-09-12,37,222,8.3,"Friday brought a welcome return to balance after the intensity of the previous day. The manager kept a calm tempo and clear communication across the team, ensuring every section ran efficiently. The waiter provided friendly and attentive service, maintaining good pacing even when the café filled up mid-morning. The barista excelled at consistency and presentation, showing strong control and focus throughout the shift. The sandwich maker performed exceptionally, keeping everything fresh and beautifully arranged with perfect timing. The overall mood was upbeat and confident, a well-coordinated finish to a productive week."
1012,2025-09-13,37,345,8.5,"Saturday exploded with energy as crowds filled the café from the moment doors opened. The managers kept a steady hand on operations, guiding the team through a relentless stream of orders and keeping spirits high. The waitstaff moved quickly and efficiently, maintaining smiles even as every table turned over multiple times. The baristas powered through hundreds of coffees with precision, showing strong communication and coordination under heavy pressure. The sandwich maker worked tirelessly to keep the kitchen flow smooth, producing consistently fresh and well-balanced meals. Despite the noise and nonstop pace, the team thrived under the weekend rush, turning chaos into rhythm and ending the day on a high note."
1013,2025-09-14,37,330,8.1,"Sunday brought the familiar brunch surge, with families and regulars filling the café through the late morning. The managers balanced the flow expertly, keeping the mood light and the staff focused despite short waits for a few tables. The waiter offered warm and genuine service, making guests feel welcome even when things got hectic. The barista kept drinks flowing with solid consistency, only slowing slightly during the peak breakfast rush. The sandwich maker upheld high standards in both taste and presentation, ensuring every plate left the kitchen looking its best. The overall atmosphere was lively and communal, closing out the week on a cheerful and satisfying note."
1014,2025-09-15,38,165,8.4,"The new week began on a smooth and focused note after a lively weekend. The manager set a clear tone of organization and calm efficiency, helping everyone ease back into routine. The waiter provided attentive service with a friendly attitude, keeping guests comfortable and satisfied. The barista delivered exceptional quality and precision throughout the shift, with customers praising both flavor and presentation. The sandwich maker maintained top-notch freshness and cleanliness, supporting a well-coordinated kitchen flow. It was a composed and professional start to the week, setting a strong standard for the days ahead."
1015,2025-09-16,38,181,7.8,"Tuesday started strong but quickly became a test of adaptability when one team member arrived late, leaving the café short-staffed for the first hour. The manager handled the disruption calmly, redistributing tasks and keeping morale up. The waiter managed the rush with professionalism and agility, maintaining a friendly atmosphere despite the busy flow. The barista stayed composed and efficient under pressure, producing quality drinks while juggling multiple orders at once. The sandwich maker worked steadily to keep prep times low, ensuring that service delays were minimal. By midday the pace evened out, and the team turned a rough start into a smooth and successful finish."
1016,2025-09-17,38,173,6.9,"Midweek brought a slower yet slightly uneven day for the café. The manager maintained composure but seemed stretched during overlapping breaks, leading to a few coordination gaps on the floor. The waiter remained polite but occasionally lost pace during table rotations, resulting in minor wait times for guests. The barista kept drinks consistent but appeared distracted at moments, with a few small mix-ups during busy stretches. The sandwich maker continued solid performance, ensuring meals were well-prepared and fresh despite the overall slower tempo. While not the team's strongest day, communication lessons from today will help improve rhythm and consistency moving forward."
1017,2025-09-18,38,187,8.2,"Thursday marked a refreshing comeback for the team after a sluggish midweek shift. The manager kept communication sharp and efficient, setting a confident tone early in the day. The waiter delivered smooth and cheerful service, managing steady customer flow with renewed focus. The barista maintained consistency and creativity in drink preparation, quickly regaining rhythm and accuracy. The sandwich maker stayed composed under pressure, ensuring ingredients were fresh and presentation remained high-quality. Energy across the café felt synchronized again, with stronger teamwork and a clear sense of improvement from the previous day."
1018,2025-09-19,38,244,8.6,"Friday brought that classic end-of-week buzz as the café filled steadily from morning until close. The manager stayed proactive and motivating, guiding the team smoothly through the high-volume crowd. The waiter handled tables efficiently, keeping guests happy despite brief wait times during peak lunch hours. The barista shone with consistency and precision, serving drinks quickly while maintaining excellent presentation. The sandwich maker worked at full pace, ensuring fresh and well-stacked orders rolled out without interruption. The whole team showed great synergy and energy, wrapping up the week’s busiest day with confidence and momentum heading into the weekend."
1019,2025-09-20,38,311,8.0,"Saturday was buzzing from the moment doors opened, with queues forming early and the café packed throughout the day. The managers coordinated well under constant pressure, adjusting rotations to keep pace with heavy customer flow. The waiter managed tables with enthusiasm and adaptability, though a few small mix-ups occurred during the midday surge. The barista kept drinks flowing with admirable focus, balancing speed and quality even as fatigue began to show. The sandwich maker stayed calm and reliable, maintaining good output and freshness amid the chaos. It was a demanding but ultimately successful day that showcased the team’s resilience and teamwork under high intensity."
1020,2025-09-21,38,306,8.7,"Sunday carried a bright, cheerful energy as families and regulars filled the café for brunch. The managers maintained a relaxed yet focused approach, ensuring smooth flow and minimal wait times. The waiter offered warm and attentive service, engaging naturally with guests and creating a welcoming atmosphere. The barista produced consistently great drinks with a touch of creativity, earning praise from several customers. The sandwich maker upheld freshness and visual appeal across all meals, rounding out the shift with professional precision. The entire team closed the week on a high note, blending calm efficiency with friendly hospitality for a perfect Sunday service."
1021,2025-09-22,39,112,8.1,"Monday opened the week with a calm and organized rhythm after a packed weekend. The manager provided steady leadership and set clear priorities, keeping the team aligned from start to finish. The waiter maintained friendly, attentive service and showed good composure during the morning crowd. The barista produced consistent drinks with reliable quality, working efficiently through each order. The sandwich maker kept preparation smooth and presentation clean, supporting an overall sense of balance and flow. The shift ran quietly but effectively, setting a confident tone for the rest of the week."
1022,2025-09-23,39,185,8.4,"Tuesday brought a lively midweek crowd with a steady stream of customers from early morning until lunch. The manager kept the pace smooth and morale high, stepping in where needed to maintain coordination. The waiter provided quick, attentive service, keeping up with the surge while staying polite and composed. The barista showed precision and creativity in drink preparation, handling custom requests confidently. The sandwich maker worked efficiently, keeping meals fresh and presentation appealing despite the rush. A few brief timing slowdowns occurred during peak hours, but teamwork and focus ensured another strong day of service."
1023,2025-09-24,39,162,7.2,"Wednesday showed signs of midweek fatigue as the café moved at a steadier but slower pace. The manager maintained composure and organization but faced a few coordination gaps during overlapping tasks. The waiter remained polite and patient with customers but occasionally lagged in table turnover during busy periods. The barista kept coffee quality consistent, though some delays occurred during peak orders. The sandwich maker was a strong point, keeping food output smooth and presentation on par. While not the team's sharpest day, communication and pacing improvements will help restore rhythm for the rest of the week."
1024,2025-09-25,39,189,8.3,"Thursday brought a refreshed pace and stronger team coordination after a slower Wednesday. The manager kept communication clear and encouraged steady momentum throughout the day. The waiter handled the floor confidently, maintaining good timing and attentive service during peak hours. The barista delivered reliable drink quality with a calm focus, managing the queue efficiently. The sandwich maker stayed consistent and organized, ensuring meals were quick, fresh, and well-presented. The café’s rhythm felt restored, with teamwork and balance returning to form just in time for the approaching weekend."
1025,2025-09-26,39,205,8.5,"Friday carried strong pre-weekend energy as the café stayed busy and vibrant throughout the day. The manager led with enthusiasm and organization, keeping the team motivated through the steady rush. The waiter maintained friendly service and quick table turnover, showing great awareness even during peak hours. The barista kept the coffee station running smoothly, balancing speed and attention to detail under pressure. The sandwich maker handled the kitchen flow well, keeping ingredients fresh and plating consistent. A few brief slowdowns occurred mid-morning, but teamwork and focus quickly brought the rhythm back, ending the day on a high note."
1026,2025-09-27,39,305,8.1,"Saturday reached peak capacity with customers lining up from open to close, pushing the entire café to its limits. The managers worked side by side with staff, jumping in wherever needed to keep operations steady. The waiter moved nonstop between tables with admirable stamina, managing to keep smiles and service consistency even as queues built up. The barista faced relentless drink orders but maintained solid quality and composure, handling custom requests efficiently. The sandwich maker ran the kitchen like clockwork, keeping prep flowing and presentation sharp despite the volume. A few moments of delay and fatigue were inevitable, yet the team’s coordination and perseverance turned the chaos into a success story for the weekend."
1027,2025-09-28,39,260,8.8,"Sunday brought a lively yet relaxed close to the week, with a full house of regulars and families enjoying brunch. The managers kept operations seamless, fostering a calm and positive atmosphere throughout the shift. The waiter delivered friendly, attentive service that created a welcoming environment even during busy moments. The barista balanced creativity and precision, preparing drinks that drew compliments from customers. The sandwich maker maintained freshness and presentation at a high standard, ensuring every dish left the kitchen on point. The team’s rhythm and coordination made for a polished finale to the week, leaving both staff and guests satisfied."
1028,2025-09-29,40,120,8.2,"Monday opened with a calm, steady pace. The manager set a clear tone for the day, keeping operations smooth and morale high. The waiter provided attentive service with quick turnaround, while the barista delivered consistent quality with renewed focus. The sandwich maker maintained strong organization and freshness, giving the café a confident start to the week."
1029,2025-09-30,40,166,8.4,"Tuesday brought higher foot traffic, but the team handled it efficiently. The manager stayed proactive, guiding communication through the busy mid-morning wave. The waiter kept service friendly and well-paced, and the barista stayed creative and composed. The sandwich maker managed preparation timing smoothly, ensuring guests enjoyed a quick and satisfying experience."
1030,2025-10-01,40,171,7.1,"Wednesday felt slightly off-tempo, with slower rhythm and mild fatigue across the team. The manager stayed organized but seemed stretched during overlapping breaks. The waiter worked diligently but had a few timing gaps, while the barista kept quality steady despite minor lapses. The sandwich maker provided stability, keeping output consistent and clean."
1031,2025-10-02,40,182,8.3,"Thursday saw a strong recovery from midweek fatigue. The manager re-energized the team with clear coordination, while the waiter brought enthusiasm and precision. The barista handled custom drink requests with ease, and the sandwich maker ensured quick service and attractive presentation. The café found its rhythm again heading toward the weekend."
1032,2025-10-03,40,210,8.6,"Friday delivered upbeat pre-weekend energy as the café stayed full through most of the shift. The manager balanced efficiency and morale, keeping operations steady. The waiter moved quickly and remained friendly under pressure, while the barista impressed with speed and consistency. The sandwich maker kept the kitchen flowing seamlessly, rounding off a productive day."
1033,2025-10-04,40,315,8.0,"Saturday brought the usual weekend rush with the café at full capacity from open to close. The managers stayed hands-on, helping to manage the nonstop crowd. The waiter pushed through fatigue with admirable focus, and the barista kept drinks flowing despite heavy demand. The sandwich maker performed strongly under pressure, ensuring steady quality throughout the chaos."
1034,2025-10-05,40,269,8.9,"Sunday wrapped up the week on a warm and upbeat note. The managers kept communication smooth and the atmosphere welcoming. The waiter provided cheerful service, and the barista produced beautiful drinks with consistency. The sandwich maker finished the week strong with fresh ingredients and great timing. The shift closed with excellent teamwork and satisfied guests all around."
1035,2025-10-06,41,175,8.0,"Monday began quietly after the weekend storm, with the aroma of fresh coffee setting a calm tone. The manager led with gentle precision, helping the team reset for the week ahead. The waiter handled the few morning bursts with patience, while the barista’s steady hands turned routine orders into small moments of craft. The sandwich maker’s attention to detail kept every plate clean and balanced. A smooth, composed start that built quiet confidence for the days to come."
1036,2025-10-07,41,190,8.4,"Tuesday picked up speed early as the morning crowd arrived in waves. The manager kept things lighthearted but sharp, anticipating bottlenecks before they formed. The waiter moved gracefully through the tables, balancing charm and focus. The barista experimented with a new blend that caught several compliments, and the sandwich maker powered through prep with calm efficiency. The café buzzed with energy, ending the day on a note of satisfaction and pride."
1037,2025-10-08,41,160,7.2,"Wednesday tested everyone’s stamina. A short-staffed start led to small delays, but the manager’s sense of humor kept morale intact. The waiter juggled orders bravely, even with tired steps. The barista stayed cool despite a few spills and mixed-up tickets, while the sandwich maker quietly kept the kitchen running like a metronome. Not perfect, but the team pulled through with grit—and laughter by closing time."
1038,2025-10-09,41,180,8.5,"Thursday arrived with sunshine and fresh motivation. The manager ran a tight ship, balancing pace and positivity. The waiter’s timing was spot-on, and guests noticed the warmth in every interaction. The barista found rhythm in the rush, crafting drinks with care and precision. The sandwich maker worked effortlessly through the midday surge, turning out food that looked straight from a cookbook. It was one of those shifts where everything just clicked."
1039,2025-10-10,41,223,8.7,"Friday burst to life the moment the doors opened—music a bit louder, chatter a bit faster. The manager thrived in the chaos, keeping spirits high and instructions clear. The waiter flowed between tables like clockwork, smiling through the lunch rush. The barista was unstoppable, matching speed with artistry, while the sandwich maker’s steady pace kept the kitchen grounded. The café felt alive, buzzing with that unmistakable Friday optimism."
1040,2025-10-11,41,320,8.1,"Saturday came in like a storm—lines out the door, laughter, and the occasional frantic shout from behind the counter. The managers jumped in to help, sleeves rolled up. The waiter moved with pure instinct, taking orders faster than the till could beep. The barista fought the espresso machine like a hero, pulling shot after shot, and the sandwich maker kept rhythm amid the madness. It was messy, loud, exhausting—and everyone loved it."
1041,2025-10-12,41,295,8.9,"Sunday felt like a deep breath after the whirlwind. Soft chatter, sunlight on the windows, and the steady hum of a café in perfect sync. The manager set a relaxed tempo, the waiter carried warmth in every word, and the barista poured care into every cup. The sandwich maker’s final plates were little works of art. Guests lingered longer than usual, and no one seemed to mind. It was the kind of day that reminded everyone why they love the work."
1042,2025-10-13,42,170,8.0,"Monday eased in with steady flow and clear communication from the start. The manager kept spirits calm and structure tight. The waiter was attentive and precise, while the barista handled a busy espresso bar with smooth confidence. The sandwich maker kept prep areas spotless and orders timely. A balanced, well-run shift that set a positive tone for the week."
1043,2025-10-14,42,186,8.4,"Tuesday started bright and brisk as regulars filled their usual spots. The manager juggled the growing crowd effortlessly, offering quick guidance where needed. The waiter handled multiple sections with cheerful rhythm, while the barista experimented with flavor blends that won approving smiles. The sandwich maker kept dishes sharp and consistent, helping the day glide by with energy and ease."
1044,2025-10-15,42,189,7.3,"Wednesday brought slower reactions and a few missteps in coordination. The manager stayed patient but visibly stretched during overlapping tasks. The waiter was polite yet slightly behind pace, and the barista had a couple of mix-ups during the midmorning run. The sandwich maker provided quiet consistency, keeping quality afloat while the rest of the team recalibrated. A tiring but valuable learning day."
1045,2025-10-16,42,190,8.5,"Thursday arrived like a reset button—fresh energy, quick jokes, and focused flow. The manager set a clear rhythm early, and everything followed from there. The waiter showed renewed sharpness, reading tables intuitively. The barista found perfect timing behind the counter, crafting drinks with flair, while the sandwich maker matched the momentum, plating food that looked as good as it tasted. It was teamwork in full harmony."
1046,2025-10-17,42,215,8.6,"Friday came roaring in with the pre-weekend buzz. The manager was on point, shifting between coordination and hands-on support. The waiter kept the dining area lively yet efficient, moving with confident speed. The barista was relentless through the rush, balancing artistry and output, and the sandwich maker kept the kitchen running like a rhythm section. The café finished the day humming with energy and satisfaction."
1047,2025-10-18,42,344,8.0,"Saturday hit maximum volume with queues stretching out the door and every seat full. The managers jumped into the thick of it, lending hands and encouragement. The waiter worked with grit and humor under constant pressure. The barista stayed locked in, maintaining impressive quality under fire, while the sandwich maker churned out flawless plates despite the nonstop pace. Exhausting but triumphant—a true weekend rush handled with heart."
1048,2025-10-19,42,298,8.9,"Sunday unfolded like a gentle exhale after a storm. The morning sun poured in, and the atmosphere was mellow but full of warmth. The manager led with ease, the waiter’s pace softened into genuine hospitality, and the barista poured care into each drink. The sandwich maker tied it all together with beautiful presentation and calm precision. A relaxed, joyful close to a busy week, leaving everyone proud and content."
1049,2025-10-20,43,176,8.1,"Monday opened with quiet focus after a busy weekend. The manager guided the team through a smooth reset, while the waiter handled the smaller crowd with calm precision. The barista moved steadily behind the counter, keeping drinks consistent and well presented. The sandwich maker worked efficiently, setting a strong, composed rhythm for the rest of the week."
1050,2025-10-21,43,185,8.4,"Tuesday started brisk and cheerful, sunlight pouring across the café windows. The manager stayed active on the floor, ensuring timing and flow never faltered. The waiter greeted every guest with warmth, the barista kept pace with complex orders, and the sandwich maker delivered fresh, balanced plates. A bright, confident day filled with satisfied regulars and newcomers alike."
1051,2025-10-22,43,165,7.4,"Midweek brought a few stumbles as energy dipped and small miscommunications crept in. The manager kept calm through the clutter, helping redirect focus. The waiter stayed professional but showed signs of fatigue, while the barista’s rhythm wavered during the lunch rush. The sandwich maker held things together quietly, ensuring quality didn’t slip. Not flawless, but steady recovery by closing time."
1052,2025-10-23,43,152,8.3,"Thursday came alive with strong momentum and clear teamwork. The manager coordinated effortlessly, setting quick solutions into motion whenever pressure built. The waiter was sharp and confident, handling peak hours gracefully. The barista balanced creativity with efficiency, and the sandwich maker matched the tempo perfectly. A crisp, energized day that reminded everyone of their stride."
1053,2025-10-24,43,224,8.6,"Friday radiated that familiar buzz of anticipation. The manager’s leadership was seamless, balancing fun with focus. The waiter worked in perfect rhythm with the barista, who produced drinks at record speed without losing finesse. The sandwich maker powered through a mountain of orders with precision. The café thrived on energy and laughter, closing the day with cheers from the staff."
1054,2025-10-25,43,325,8.0,"Saturday exploded with energy as the café hit full capacity by mid-morning. The managers jumped in shoulder to shoulder with the team, keeping the chaos organized. The waiter moved in pure survival mode, yet never lost composure. The barista kept espresso shots flowing nonstop, while the sandwich maker fought the rush with remarkable calm. A loud, messy, and utterly successful day."
1055,2025-10-26,43,255,8.8,"Sunday glowed with warmth and easy rhythm. The manager’s relaxed approach kept everyone smiling, the waiter engaged guests with friendly conversation, and the barista added a touch of flair to every drink. The sandwich maker’s plating was picture-perfect, drawing compliments from guests. It was a calm, joyful finale to a demanding but rewarding week."
1056,2025-10-27,44,101,7.9,"Monday crept in quietly after the weekend, the air still carrying that roasted-bean calm. The manager eased everyone back into rhythm, letting the café breathe. The waiter handled the light crowd with grace, the barista stayed focused and patient, and the sandwich maker worked neatly behind the scenes. A peaceful, steady start that felt almost meditative."
1057,2025-10-28,44,134,8.3,"Tuesday found its groove early with a cheerful buzz through the morning rush. The manager moved effortlessly between front and back, guiding pace without breaking stride. The waiter balanced friendliness and focus, the barista pulled shots with crisp precision, and the sandwich maker stayed ahead of the wave. The café hummed like a well-tuned machine."
1058,2025-10-29,44,155,7.1,"Wednesday carried a sleepy edge—mild confusion on orders, a few slow handoffs—but spirits stayed intact. The manager’s calm prevented tension, and the waiter kept guests smiling despite delays. The barista fought the slump with quiet persistence, and the sandwich maker held everything together. Not perfect, but human and honest."
1059,2025-10-30,44,176,8.4,"Thursday sparked a gentle revival; music a little louder, movements a little quicker. The manager’s timing was impeccable, smoothing the small bumps before anyone noticed. The waiter stayed attentive, anticipating needs, while the barista balanced speed with flair. The sandwich maker’s rhythm matched perfectly—steady, confident, and creative. By close, everyone felt back in sync."
1060,2025-10-31,44,200,8.7,"Friday glowed with anticipation—the café alive with laughter, the espresso machine hissing like applause. The manager led by example, sleeves rolled and smile wide. The waiter moved like choreography, the barista made magic behind the counter, and the sandwich maker stayed calm through the rush. It was electric, exhausting, and exhilarating all at once."
1061,2025-11-01,44,370,8.2,"Saturday hit full throttle before sunrise, queues spilling out the door and caffeine practically in the air. The managers jumped in, turning chaos into rhythm. The waiter darted between tables, fueled by instinct more than plan. The barista’s arms ached but never slowed, and the sandwich maker kept a marathon pace. When the last order left the counter, the exhaustion felt like victory."
1062,2025-11-02,44,250,8.9,"Sunday softened everything—the pace, the voices, even the light. The manager encouraged small talk and smiles, the waiter lingered longer with guests, and the barista took extra care with every pour. The sandwich maker’s final dishes were flawless. It ended not with fatigue, but with quiet pride—the kind that only comes after a week well done."
1063,2025-11-03,45,162,7.9,"Monday started calmly with light rain and a smaller crowd. The team adjusted well to the slower flow, keeping operations organized and efficient. Drinks were consistent, and service remained friendly. A quiet but well-handled start to the week."
1064,2025-11-04,45,191,8.3,"Tuesday brought a noticeable pickup in traffic as regulars returned. Coordination between roles was strong, and the team managed the lunch period smoothly. Customers appreciated the prompt service and attention to detail. Overall, a clean and confident day."
1065,2025-11-05,45,143,7.1,"Wednesday had a slower pace with scattered foot traffic. A few small missteps occurred around midday, but the manager kept communication clear. The staff worked steadily, and quality stayed consistent despite the dip in energy. A manageable day overall."
1066,2025-11-06,45,177,8.4,"Thursday saw steady growth in volume and better rhythm across all stations. The café ran efficiently during peak hours, with good timing between service and kitchen. Team communication improved, and customer satisfaction remained high."
1067,2025-11-07,45,220,8.6,"Friday carried great momentum from the morning rush through to close. The team stayed proactive, balancing speed and quality. Coordination between front and back of house was excellent, and guests gave positive feedback. A strong performance before the weekend."
1068,2025-11-08,45,342,8.1,"Saturday was packed from open to close, pushing the team to full capacity. The café managed the pressure well, staying organized even during the midday surge. A few delays occurred, but overall service quality and teamwork remained impressive."
1069,2025-11-09,45,268,8.9,"Sunday was bright and relaxed, with a good balance between steady flow and calm atmosphere. Staff handled the shift with professionalism, maintaining quality service throughout. Guests left satisfied, closing the week on a positive note."
1070,2025-11-10,46,158,7.8,"Monday began with a steady flow of regulars and a calm atmosphere. The team stayed focused and coordinated, keeping service consistent throughout the morning. A few slow moments during closing, but overall a reliable start to the week."
1071,2025-11-11,46,189,8.2,"Tuesday saw stronger traffic and good coordination between the front and kitchen teams. Orders were handled efficiently, and drinks maintained consistent quality. Guests commented positively on the friendly service and quick turnaround."
1072,2025-11-12,46,147,7.0,"Wednesday felt slightly off rhythm. A few delays appeared during peak hours, and communication dipped at times. The manager helped stabilize the pace, and the team finished the day stronger than it began. Overall steady, with room for smoother timing."
1073,2025-11-13,46,194,8.3,"Thursday brought clear improvement in both teamwork and flow. The café handled increased volume without major issues. Service stayed attentive, and the kitchen kept pace comfortably. Guests left satisfied, and team morale was noticeably higher."
1074,2025-11-14,46,228,8.5,"Friday delivered a lively rush with great coordination. The barista maintained high drink quality under pressure, and wait staff managed table turnover effectively. The café atmosphere was upbeat and well-organized from start to finish."
1075,2025-11-15,46,336,8.0,"Saturday was busy throughout the day, with back-to-back orders and steady crowds. The team handled pressure well, though a few short delays occurred around noon. Despite the volume, quality remained solid, and customers appreciated the friendly tone of service."
1076,2025-11-16,46,263,8.8,"Sunday offered a smooth, pleasant close to the week. The pace was moderate, and staff communication was excellent. Drinks, food, and service stayed consistent from open to close. A relaxed, professional finish that reflected strong teamwork."
1077,2025-11-17,47,164,7.7,"Monday began quietly with moderate traffic and steady focus from the team. Service remained professional, though a few small timing gaps appeared during peak hours. The shift ran smoothly overall with good consistency across stations."
1078,2025-11-18,47,193,8.2,"Tuesday saw stronger turnout and good pace throughout the morning. Communication between front and back was solid, and the café maintained consistent quality. Staff managed minor order overlaps well, finishing the day efficiently."
1079,2025-11-19,47,175,8.4,"Wednesday brought a balanced workload with a mix of regulars and new customers. The team stayed organized and coordinated under moderate pressure. Drinks and meals were delivered promptly, earning several compliments from guests."
1080,2025-11-20,47,182,8.1,"Thursday showed stable teamwork and reliable service. The café handled a steady flow of customers with minimal delays. Product quality was consistent, and the staff kept a positive tone throughout the day."
1081,2025-11-21,47,217,8.6,"Friday had strong momentum from start to finish. The manager maintained clear communication, and the staff worked efficiently under heavier demand. Customer interactions were friendly, and the overall pace stayed smooth through the afternoon."
1082,2025-11-22,47,329,8.0,"Saturday was one of the busiest days of the month, testing coordination during the midday surge. Despite short delays, the team kept service quality high. Staff handled crowd pressure calmly, and guest satisfaction remained positive."
1083,2025-11-23,47,259,8.9,"Sunday was calm and consistent, closing the week on a high note. The team worked in sync, keeping service warm and efficient. Customers enjoyed the relaxed atmosphere, and all stations maintained good standards through closing time."